{"cameraMode":{"drawMode":0,"name":"Shaded","section":"Shading Mode"},"sceneLighting":false,"audioPlay":false,"sceneViewState":{"showFog":true,"showMaterialUpdate":false,"showSkybox":false,"showFlares":true,"showImageEffects":true,"showParticleSystems":true},"in2DMode":false,"pivot":{"x":0.000009298324584960938,"y":-0.00017976760864257813,"z":0.15621545910835267},"rotation":{"x":-0.011636802926659584,"y":0.9870946407318115,"z":-0.08491069078445435,"w":-0.13527898490428925},"size":1.142521858215332,"orthographic":false}